,Twitter_Handle,First_Name,Last_Name,Genre,Loc,Lang,Created On,Age Of Account,Tweets,Followers,Following,Favorites Count
0,@_AnneHathaway,Anne,Hathaway,Actors,NA,Eng,09/13/2012,2118.0,2.0,282.0,0.0,0.0
1,@IAMannalynnemcc,AnnaLynne,McCord,Actors,NA,Eng,01/16/2010,3089.0,5776.0,228659.0,502.0,2157.0
2,@EmmaWatson,Emma,Watson,Actors,NA,Eng,07/14/2010,2910.0,1642.0,29143067.0,382.0,991.0
4,@LeoDiCaprio,Leonardo,DiCaprio,Actors,NA,Eng,04/16/2010,2999.0,1285.0,19327222.0,145.0,40.0
5,@EvaLongoria,Eva,Baston,Actors,"Los Angeles, CA",Eng,02/02/2010,3072.0,15806.0,7691853.0,809.0,151.0
6,@TheRock,Dwayne,Johnson,Actors,NA,Eng,02/11/2011,2698.0,21662.0,13044205.0,242.0,142.0
7,@jessicaalba,Jessica,Alba,Actors,NA,Eng,11/24/2009,3142.0,6244.0,9649189.0,1359.0,1442.0
8,@EllenPompeo,Ellen,Pompeo,Actors,NY/LA,Eng,03/23/2013,1928.0,5211.0,1551703.0,541.0,6060.0
9,@JessicaCapshaw,Jessica,Capshaw,Actors,NA,Eng,05/05/2011,2615.0,4017.0,935936.0,348.0,86.0
10,@sarahdrew,Sarah,Drew,Actors,NA,Eng,11/14/2009,3152.0,9611.0,822550.0,201.0,622.0
11,@IamSandraOh,Sandra,Oh,Actors,,Eng,09/20/2013,1746.0,578.0,1005864.0,21.0,14.0
12,@SaraRamirez,Sara,Ramirez,Actors,NA,Eng,07/30/2013,1798.0,8030.0,820542.0,802.0,6653.0
13,@iJesseWilliams,Jesse,Williams,Actors,NA,Eng,04/12/2009,3369.0,19843.0,2400100.0,3531.0,5721.0
14,@TheRealKMcKidd,Kevin,McKidd,Actors,NA,Eng,04/05/2009,3376.0,7614.0,771093.0,502.0,386.0
15,@KatieHeigl,Katherine,Heigl,Actors,Utah / Toronto,Eng,11/03/2009,3164.0,8477.0,1325716.0,117.0,3124.0
16,@JasonWGeorge,Jason,George,Actors,NA,Eng,09/19/2012,2112.0,4306.0,236851.0,697.0,3019.0
17,@chy_leigh,Chyler,Leigh,Actors,NA,Eng,03/02/2014,1583.0,5811.0,302115.0,427.0,5544.0
18,@katewalsh,Kate,Walsh,Actors,NA,Eng,08/30/2009,3228.0,18113.0,894875.0,828.0,3559.0
19,@KellyMcCreary,Kelly,McCreary,Actors,NA,Eng,12/26/2011,2381.0,4048.0,256646.0,526.0,11772.0
20,@IWashington,Isaiah,Washington,Actors,Everywhere I tweet...,Eng,02/06/2011,2704.0,29865.0,98708.0,7490.0,11410.0
21,@DohertyShannen,Shannen,Doherty,Actors,NA,Eng,03/02/2010,3044.0,9347.0,584200.0,611.0,3618.0
22,@shenaegrimes,Shenae,Grimes,Actors,NA,Eng,03/13/2010,3034.0,5713.0,228852.0,85.0,97.0
23,@JessicaLStroup,Jessica,Stroup,Actors,NA,Eng,04/23/2010,2993.0,1682.0,199229.0,330.0,759.0
24,@MattLanter,Matt,Lanter,Actors,Everywhere,Eng,11/12/2009,3154.0,8770.0,458150.0,403.0,2392.0
25,@MACKWILDS,Tristan,Wilds,Actors,,Eng,03/03/2009,3409.0,42826.0,182106.0,1999.0,1103.0
26,@EmilyVanCamp,Emily,VanCamp,Actors,NA,Eng,05/22/2011,2599.0,1592.0,555780.0,235.0,100.0
27,@Gabriel_Mann,Gabriel,Mann,Actors,NA,Eng,05/11/2010,2975.0,14831.0,262302.0,996.0,24288.0
28,@Nick_Wechsler,Nick,Wechsler,Actors,NA,Eng,06/17/2013,1842.0,4518.0,152098.0,1201.0,10853.0
29,@christabrittany,Christa,Allen,Actors,Los Angeles,Eng,08/18/2010,2876.0,1482.0,110149.0,455.0,617.0
30,@smashleybell,Ashley,Madekwe,Actors,London girl living in LA,Eng,05/13/2009,3338.0,22425.0,119984.0,580.0,3123.0
31,@BarrySloane,Barry,Sloane,Actors,NA,Eng,02/06/2011,2704.0,9183.0,130570.0,1143.0,7591.0
32,@MichaelEmerson,Michael,Emerson,Actors,NA,Eng,03/30/2016,825.0,305.0,40040.0,31.0,269.0
33,@AmyAcker,Amy,Acker,Actors,LA/BK,Eng,04/19/2010,2997.0,1888.0,262539.0,102.0,1315.0
34,@sarahshahi,Sarah,Shahi,Actors,"Los Angeles, CA",Eng,11/25/2009,3142.0,8729.0,241818.0,193.0,1623.0
35,@TherealTaraji,Taraji,Henson,Actors,NA,Eng,10/22/2009,3176.0,21631.0,5359828.0,770.0,527.0
36,@TaySchilling,Taylor,Schilling,Actors,NA,Eng,04/20/2012,2265.0,658.0,657777.0,453.0,79.0
37,@LauraPrepon,Laura,Prepon,Actors,NA,Eng,10/19/2010,2814.0,1977.0,897675.0,132.0,1121.0
38,@UzoAduba,Uzo,Aduba,Actors,Villa Villekulla,Eng,11/09/2010,2793.0,10729.0,490971.0,349.0,13133.0
39,@nlyonne,Natasha,Lyonne,Actors,NA,Eng,09/24/2013,1742.0,12556.0,337795.0,1063.0,42597.0
40,@thedanieb,Danielle,Brooks,Actors,Somewhere over the Rainbow,Eng,09/03/2012,2128.0,9041.0,372337.0,403.0,11937.0
41,@Lavernecox,Laverne,Cox,Actors,facebook.com/lavernecoxforreal,Eng,08/05/2009,3254.0,20151.0,684090.0,2410.0,21922.0
42,@chrisrock,Chris,Rock,Comedians,NA,Eng,01/14/2011,2726.0,2083.0,5384790.0,248.0,381.0
43,@JerrySeinfield,Jerry,Seinfield,Comedians,NA,Eng,12/31/2009,3106.0,2.0,81.0,0.0,0.0
44,@therealroseanne,Roseanne,Barr,Comedians,NA,Eng,03/28/2011,2654.0,9891.0,890342.0,7361.0,195057.0
45,@TheLewisBlack,Lewis,Black,Comedians,NA,Eng,07/29/2011,2530.0,3470.0,337726.0,211.0,107.0
46,@MelBrooks,Mel,Brooks,Comedians,,Eng,04/23/2013,1897.0,423.0,223062.0,0.0,454.0
47,@JimCarrey,Jim,Carrey,Comedians,NA,Eng,06/30/2009,3289.0,4338.0,18601142.0,1.0,9.0
48,@KevinHart4real,Kevin,Hart,Comedians,Philly/LA,Eng,03/07/2009,3405.0,37005.0,35257781.0,555.0,87.0
49,@hannibalburess,Hannibal,Buress,Comedians,NA,Eng,03/30/2009,3381.0,2711.0,1013550.0,2407.0,7289.0
50,@StephenAtHome,Stephen,Colbert,Comedians,NA,Eng,09/15/2008,3577.0,5754.0,18540388.0,25.0,4.0
51,@billburr,Bill,Burr,Comedians,NA,Eng,06/16/2010,2938.0,12957.0,1105757.0,356.0,58.0
52,@davidcrosss,David,Cross,Comedians,,Eng,12/03/2015,943.0,6388.0,137517.0,263.0,65439.0
53,@ofctimallen,Tim,Allen,Comedians,NA,Eng,04/27/2009,3353.0,1173.0,340677.0,34.0,1.0
54,@JimBreuer,Jim,Breuer,Comedians,NA,Eng,08/21/2008,3603.0,10191.0,134656.0,3921.0,1057.0
55,@ericandre,Eric,Andre,Comedians,,Eng,03/27/2009,3385.0,271.0,436878.0,521.0,25299.0
56,@SandraBernhard,Sandra,Bernhard,Comedians,New York,Eng,04/24/2009,3357.0,24394.0,256078.0,566.0,31.0
57,@BillyCrystal,Billy,Crystal,Comedians,,Eng,03/30/2011,2652.0,657.0,664608.0,36.0,14.0
58,@arjbarker,Arj,Barker,Comedians,NA,Eng,10/24/2008,3539.0,6939.0,161291.0,346.0,8.0
59,@RealCarrotTop,Scott,Thompson,Comedians,,Eng,04/16/2009,3365.0,7068.0,66786.0,517.0,3276.0
60,@PreacherLawson,Preacher,Lawson,Comedians,"Los Angeles, CA",Eng,12/07/2010,2764.0,4354.0,38781.0,274.0,9153.0
61,@attell,Dave,Attell,Comedians,NA,Eng,06/03/2007,4048.0,1814.0,372284.0,401.0,5815.0
62,@ElayneBoosler,Elayne,Boosler,Comedians,,Eng,10/01/2009,3196.0,23844.0,34812.0,5902.0,31636.0
63,@Ornyadams,Orny,Adams,Comedians,,Eng,08/24/2008,3600.0,24661.0,415719.0,270.0,12355.0
64,@amyschumer,Amy,Schumer,Comedians,nyc,Eng,07/09/2009,3281.0,9435.0,4750094.0,2021.0,12779.0
65,@SarahKSilverman,Sarah,Silverman,Comedians,NA,Eng,04/11/2009,3370.0,12402.0,12865579.0,1235.0,16296.0
66,@TheEllenShow,Ellen,DeGeneres,Comedians,California,Eng,08/14/2008,3610.0,16969.0,78053299.0,35730.0,954.0
67,@chelseahandler,Chelsea,Handler,Comedians,"Los Angeles, CA",Eng,02/01/2009,3438.0,8639.0,8787093.0,361.0,2994.0
68,@TigNotaro,Tig,Notaro,Comedians,@drewjanda,Eng,07/01/2015,1097.0,9520.0,98945.0,3508.0,13778.0
69,@mariabamfoo,Maria,Bamford,Comedians,"Los Angeles, CA",Eng,10/11/2010,2821.0,7422.0,202074.0,255.0,51238.0
70,@margaretcho,Margaret,Cho,Comedians,"Hollywood, Los Angeles",Eng,09/16/2008,3577.0,28410.0,500261.0,99711.0,48130.0
71,@WhoopiGoldberg,Whoopi,Goldberg,Comedians,,Eng,04/19/2011,2632.0,4264.0,1371956.0,629.0,54.0
73,@aparnapkin,Aparna,Nancheria,Comedians,NA,Eng,01/02/2008,3835.0,23652.0,483715.0,3166.0,34194.0
74,@LisaLampanelli,Lisa,Lampanelli,Comedians,NA,Eng,01/26/2009,3445.0,13811.0,553932.0,13017.0,82.0
75,@kathygriffin,Kathy,Griffin,Comedians,,Eng,02/17/2009,3422.0,16878.0,2128555.0,378.0,26311.0
76,@cameronesposito,Cameron,Esposito,Comedians,NA,Eng,05/13/2009,3338.0,21660.0,132934.0,1348.0,12881.0
77,@WhitneyCummings,Whitney,Cummings,Comedians,NA,Eng,04/01/2009,3380.0,11539.0,1279104.0,583.0,8667.0
78,@iamsambee,Samantha,Bee,Comedians,NA,Eng,03/25/2011,2657.0,1618.0,519298.0,805.0,350.0
79,@chelseaperetti,Chelsea,Peretti,Comedians,Los Angeles,Eng,09/29/2009,3199.0,33407.0,977158.0,1361.0,76138.0
80,@mindykaling,Mindy,Kaling,Comedians,NA,Eng,03/10/2009,3402.0,17287.0,12137332.0,842.0,21548.0
81,@dopequeenpheebs,Phoebe,Robinson,Comedians,"Brooklyn, NY",Eng,03/14/2009,3398.0,94.0,73314.0,2483.0,39595.0
82,@iliza,Iliza,Shiesinger,Comedians,"Hollywood, CA",Eng,02/15/2009,3425.0,49175.0,170277.0,468.0,27103.0
83,@aliwong,Ali,Wong,Comedians,NA,Eng,06/15/2009,3304.0,2090.0,117571.0,687.0,6522.0
84,@msjwilly,Jessica,Williams,Comedians,NA,Eng,04/17/2008,3729.0,1813.0,304790.0,474.0,3559.0
85,@JenKirkman,Jen,Kirkman,Comedians,NA,Eng,01/19/2009,3452.0,929.0,258701.0,1064.0,35071.0
86,@taylorswift13,Taylor,Swift,Musicians,NA,Eng,12/06/2008,3496.0,100.0,85543126.0,0.0,458.0
87,@ArianaGrande,Ariana,Grande,Musicians,ǝʌɐ uooɯʎǝuoɥ,Eng,04/23/2009,3358.0,41436.0,57676926.0,64047.0,34191.0
88,@edsheeran,Ed,Sheeran,Musicians,London,Eng,10/26/2009,3171.0,29290.0,20107445.0,0.0,14.0
89,@BrunoMars,Bruno,Mars,Musicians,NA,Eng,12/29/2009,3108.0,4355.0,42926201.0,109.0,267.0
90,@selenagomez,Selena,Gomez,Musicians,NA,Eng,03/09/2009,3403.0,4374.0,57034698.0,1226.0,172.0
91,@katyperry,Katy,Perry,Musicians,,Eng,02/20/2009,3419.0,9219.0,109577623.0,216.0,6214.0
92,@carrieunderwood,Carrie,Underwood,Musicians,"Nashville, TN",Eng,10/06/2011,2461.0,4317.0,8627024.0,409.0,1718.0
93,@KeithUrban,Keith,Urban,Musicians,"Nashville, TN",Eng,05/15/2008,3700.0,7453.0,4380113.0,9344.0,2721.0
94,@PaulMcCartney,Paul,McCartney,Musicians,NA,Eng,09/16/2009,3212.0,4339.0,3957137.0,16.0,10.0
95,@ladygaga,Lady,Gaga,Musicians,NA,Eng,03/26/2008,3750.0,8764.0,78902136.0,127004.0,1915.0
97,@bobdylan,Bob,Dylan,Musicians,NA,Eng,03/03/2009,3408.0,617.0,344375.0,0.0,0.0
98,@MileyCyrus,Miley,Cyrus,Musicians,NA,Eng,03/18/2011,2664.0,9423.0,41266161.0,390.0,289.0
99,@kelly_clarkson,Kelly,Clarkson,Musicians,TX,Eng,03/11/2009,3401.0,6967.0,12626663.0,102.0,88.0
100,@StevieWonder,Stevie,Wonder,Musicians,NA,Eng,01/29/2015,1250.0,77.0,40495.0,67.0,10.0
101,@kanyewest,Kanye,West,Musicians,NA,Eng,07/22/2010,2902.0,505.0,28565694.0,4.0,2.0
102,@kendricklamar,Kendrick,Lamar,Musicians,NA,Eng,03/10/2009,3402.0,4278.0,10885861.0,517.0,5.0
103,@OzzyOsbourne,Ozzy,Osbourne,Musicians,,Eng,03/17/2009,3394.0,4192.0,5523824.0,75.0,791.0
104,@WillieNelson,Willie,Nelson,Musicians,NA,Eng,08/24/2008,3600.0,132.0,664754.0,286.0,641.0
105,@jtimberlake,Justin,Timberlake,Musicians,"Memphis, TN",Eng,03/25/2009,3387.0,3976.0,66046415.0,282.0,192.0
106,@ShawnMendes,Shawn,Mendes,Musicians,,Eng,09/24/2011,2473.0,14337.0,19345756.0,60585.0,6773.0
107,@BritneySpears,Britney,Spears,Musicians,NA,Eng,09/22/2008,3570.0,5475.0,58238741.0,386044.0,2554.0
108,@LukeBryanOnline,Luke,Bryan,Musicians,"Nashville, TN",Eng,10/30/2008,3532.0,4826.0,9867748.0,11507.0,2000.0
109,@SantanaCarlos,Carlos,Santana,Musicians,NA,Eng,03/25/2009,3387.0,1838.0,146387.0,14.0,124.0
110,@jlo,Jennifer,Lopez,Musicians,"Bronx, NY",Eng,10/27/2009,3171.0,12848.0,45252325.0,1707.0,6823.0
112,@BebeRexha,Bebe,Rexha,Musicians,"New York, NY",Eng,03/27/2009,3384.0,6910.0,1125389.0,3871.0,15660.0
113,@imjmichaels,Julia,Michaels,Musicians,NA,Eng,03/26/2018,99.0,1.0,289.0,0.0,0.0
114,@CalvinHarris,Calvin,Harris,Musicians,,NA,01/05/2009,3466.0,863.0,13284533.0,3495.0,4913.0
115,@DuaLipa,Dua,Lipa,Musicians,LONDON,Eng,06/10/2010,2945.0,8184.0,2317951.0,1249.0,10020.0
116,@JessGlynne,Jess,Glynne,Musicians,in the stars.,Eng,11/25/2009,3141.0,8179.0,370197.0,298.0,1487.0
117,@EllaHenderson,Ella,Henderson,Musicians,NA,Eng,07/22/2009,3268.0,11957.0,1155260.0,6668.0,5552.0
118,@samsmithworld,Sam,Smith,Musicians,NA,Eng,01/07/2012,2369.0,13379.0,7762853.0,1301.0,36016.0
119,@TantrumJas,Jasmine,Thompson,Musicians,UK,Eng,08/30/2011,2498.0,27567.0,133879.0,5452.0,69799.0
120,@ParsonJames,Parson,James,Musicians,"ÜT: 40.684189,-73.977854",Eng,02/10/2009,3429.0,12657.0,11785.0,1342.0,7757.0
121,@JamesArthur23,James,Arthur,Musicians,NA,Eng,08/20/2011,2508.0,15339.0,2332926.0,58082.0,8897.0
122,@ddlovato,Demi,Lovato,Musicians,DALLAS/LA,Eng,02/17/2009,3423.0,17085.0,57282674.0,539.0,2098.0
123,@ollyofficial,Olly,Murs,Musicians,,Eng,12/08/2009,3129.0,20280.0,7815208.0,2991.0,5488.0
124,@elliegoulding,Ellie,Goulding,Musicians,NA,Eng,02/11/2009,3429.0,19141.0,7294405.0,566.0,146.0
125,@IGGYAZALEA,Iggy,Azalea,Musicians,"California, USA",Eng,06/09/2010,2946.0,47711.0,8083812.0,6510.0,4224.0
126,@TinieTempah,Tinie,Tempah,Musicians,"London, England",Eng,02/27/2009,3413.0,25343.0,1911979.0,1915.0,18144.0
127,@chrisbrown,Chris,Brown,Musicians,,Eng,03/03/2010,3043.0,4185.0,29220395.0,1.0,618.0
128,@justinbeiber,Justin,Beiber,Musicians,NA,Eng,02/06/2012,2339.0,6.0,548099.0,3782.0,1.0
129,@jasonderulo,Jason,Derulo,Musicians,Top of the world!,Eng,04/01/2009,3380.0,15076.0,4145002.0,14586.0,2531.0
130,@MeekMill,Meek,Mill,Musicians,Killadelphia,Eng,02/11/2009,3429.0,18082.0,7014764.0,1477.0,229.0
131,@Jumpman23,Michael,Jordan,Sports_celeb,,Eng,10/05/2010,2828.0,9204.0,3641624.0,136.0,3693.0
132,@kobebryant,Kobe,Bryant,Sports_celeb,NA,Eng,01/04/2013,2006.0,1510.0,14155216.0,417.0,72.0
133,@raylewis,Ray,Lewis,Sports_celeb,NA,Eng,11/10/2014,1330.0,5931.0,711765.0,2617.0,7368.0
134,@FloydMayweather,Floyd,Mayweather,Sports_celeb,"Las Vegas, NV",Eng,05/26/2009,3325.0,7647.0,8126391.0,519.0,767.0
135,@SHAQ,Shaq,O'Neil,Sports_celeb,TOUT-SHAQ. INSTAGRAM-SHAQ,Eng,11/18/2008,3514.0,9222.0,15278472.0,692.0,92.0
136,@larrybirddaily,Larry,Bird,Sports_celeb,NA,Eng,09/19/2011,2479.0,14786.0,3202.0,0.0,1193.0
137,@RealBillRussell,Bill,Russell,Sports_celeb,NA,Eng,09/25/2017,281.0,248.0,76606.0,143.0,35.0
138,@tonyparker,Tony,Parker,Sports_celeb,NA,Eng,10/04/2009,3194.0,2410.0,2228369.0,125.0,109.0
139,@Cristiano,Cristiano,Ronaldo,Sports_celeb,Madrid,NA,06/14/2010,2941.0,3212.0,74237487.0,99.0,0.0
140,@serenawilliams,Serena,Williams,Sports_celeb,Somewhere over the Rainbow,Eng,03/25/2009,3386.0,14253.0,10908307.0,359.0,355.0
141,@YaoMing,Yao,Ming,Sports_celeb,NA,Eng,10/27/2009,3171.0,186.0,216297.0,50.0,34.0
142,@rogerfederer,Roger,Federer,Sports_celeb,NA,Eng,04/08/2013,1911.0,1618.0,12390613.0,82.0,697.0
143,@KingJames,LeBron,James,Sports_celeb,NA,Eng,03/06/2009,3406.0,5822.0,41880519.0,181.0,122.0
144,@carmeloanthony,Carmello,Anthony,Sports_celeb,WORLDWIDE,Eng,05/25/2009,3326.0,2815.0,9423398.0,302.0,40.0
145,@KDTrey5,Kevin,Durant,Sports_celeb,NA,Eng,04/28/2009,3353.0,23240.0,17670339.0,1456.0,107.0
146,@alleniverson,Allen,Iverson,Sports_celeb,NA,Eng,02/05/2009,3434.0,1069.0,1130029.0,79.0,3.0
147,@TheNotoriousMMA,Connor,McGregor,Sports_celeb,"Dublin, Ireland",Eng,09/07/2011,2491.0,6585.0,7227435.0,550.0,3519.0
148,@TigerWoods,Tiger,Woods,Sports_celeb,NA,Eng,04/17/2009,3364.0,807.0,6447555.0,24.0,24.0
149,@OBJ_3,Odell,Beckham Jr,Sports_celeb,,Eng,09/27/2011,2471.0,7567.0,3694887.0,989.0,242.0
150,@Kaepernick7,Colin,Kappernick,Sports_celeb,NA,Eng,06/06/2009,3314.0,11092.0,1804170.0,108.0,169.0
151,@MariaSharapova,Maria,Sharapova,Sports_celeb,NA,NA,04/26/2011,2625.0,3479.0,8795773.0,79.0,1659.0
152,@MiaHamm,Mia,Hamm,Sports_celeb,NA,Eng,07/22/2011,2538.0,3054.0,183917.0,250.0,53.0
153,@HollyHolm,Holly,Holm,Sports_celeb,NA,Eng,08/17/2013,1781.0,1542.0,349998.0,102.0,600.0
154,@Sara_McMann,Sarah,Mcmann,Sports_celeb,NA,Eng,06/04/2012,2220.0,3651.0,63940.0,341.0,168.0
155,@Bharper3407,Bryce,Harper,Sports_celeb,United States,Eng,08/23/2012,2140.0,2430.0,972484.0,22.0,1389.0
156,@TheJudge44,Aaron,Judge,Sports_celeb,NA,Eng,08/08/2012,2155.0,2154.0,314262.0,640.0,3525.0
157,@davidortiz,David,Ortiz,Sports_celeb,"Boston, MA",Eng,04/01/2009,3380.0,2224.0,1560091.0,357.0,199.0
158,@JeterTurn2,Derek,Jeter,Sports_celeb,,Eng,10/08/2013,1729.0,1173.0,39294.0,213.0,249.0
159,@AROD,Alex,Rodriguez,Sports_celeb,NA,Eng,08/04/2011,2525.0,1099.0,1233091.0,142.0,76.0
160,@AmericanRaceTNT,Charles,Barkley,Sports_celeb,NA,Eng,04/04/2017,454.0,196.0,11230.0,15.0,95.0
161,@MichaelPhelps,Michael,Phelps,Sports_celeb,NA,Eng,12/11/2010,2760.0,3581.0,2234559.0,206.0,62.0
162,@gabrielledoug,Gabby,Douglas,Sports_celeb,NA,Eng,04/09/2011,2642.0,6164.0,1087266.0,44902.0,5077.0
163,@Simone_Biles,Simone,Biles,Sports_celeb,somewhere rolling my eyes ,Eng,08/02/2010,2892.0,9913.0,1044073.0,622.0,86555.0
164,@MichelleWKwan,Michelle,Kwan,Sports_celeb,NA,Eng,09/25/2011,2473.0,3867.0,46254.0,1041.0,3281.0
165,@WayneGretzky,Wayne,Gretsky,Sports_celeb,NA,Eng,05/17/2010,2969.0,369.0,150454.0,79.0,8.0
166,@MartinBrodeur,Martin,Brodeur,Sports_celeb,,Eng,03/25/2013,1926.0,382.0,64486.0,221.0,166.0
167,@ToreyKrug,Torey,Krug,Sports_celeb,NA,Eng,01/27/2013,1982.0,962.0,84024.0,497.0,976.0
168,@drose,Derrick,Rose,Sports_celeb,NA,Eng,06/19/2012,2205.0,60.0,2536090.0,34.0,8.0
169,@KyrieIrving,Kyrie,Irving,Sports_celeb,NA,Eng,06/14/2011,2575.0,3957.0,4146516.0,811.0,42.0
170,@BenSimmons25,Ben,Simmons,Sports_celeb,,Eng,01/05/2013,2005.0,247.0,695871.0,116.0,4271.0
171,@RobGronkowski,Robert,Gronkowsky,Sports_celeb,NA,Eng,04/20/2010,2995.0,3725.0,2990963.0,417.0,375.0
172,@Venuseswilliams,Venus,Williams,Sports_celeb,NA,Eng,06/25/2009,3295.0,4608.0,1792573.0,235.0,444.0
173,@AndreAgassi,Andre,Agassi,Sports_celeb,,Eng,11/11/2009,3156.0,1568.0,382344.0,511.0,163.0
174,@OscarDeLaHoya,Oscar,De La Hoya,Sports_celeb,"East Los Angeles, CA",Eng,08/19/2009,3239.0,13164.0,1793872.0,1121.0,50.0
175,@Giannis_An34,Giannis,Antetokounmpo,Sports_celeb,Milwaukee WI,Eng,01/07/2014,1638.0,885.0,505520.0,55.0,2282.0
176,@TheRock,Dwayne,Johnson,Sports_celeb,NA,Eng,02/11/2011,2698.0,21662.0,13044211.0,242.0,142.0
177,@kawhileonard,Kawhi,Leonard,Sports_celeb,NA,Eng,06/23/2014,1471.0,4.0,199260.0,6.0,0.0
178,@StephenCurry30,Steph,Curry,Sports_celeb,Worldwide,Eng,05/26/2009,3325.0,6902.0,12721998.0,720.0,610.0
179,@AntDavis23,Anthony,Davis,Sports_celeb,NA,Eng,06/24/2010,2931.0,4912.0,1513614.0,352.0,112.0
180,@KarlTowns,Karl-Anthony,Towns,Sports_celeb,Wherever BBN takes me,Eng,09/11/2009,3216.0,5496.0,387319.0,248.0,3016.0
181,@JohnWall,John,Wall,Sports_celeb,,Eng,04/13/2010,3003.0,25415.0,1937439.0,2986.0,1801.0
182,@KlayThompson,Klay,Thompson,Sports_celeb,,Eng,08/27/2013,1771.0,524.0,1172467.0,262.0,48.0
183,@WWERomanReigns,Roman,Reigns,Sports_celeb,"Pensacola, FL (850) ",Eng,08/05/2012,2157.0,732.0,3276123.0,3.0,1557.0
184,@M_Ryan02,Matt,Ryan,Sports_celeb,NA,Eng,04/11/2012,2273.0,632.0,319708.0,233.0,50.0
185,@NiaJaxWWE,Nia,Jax,Sports_celeb,,Eng,06/08/2014,1486.0,11986.0,417377.0,445.0,26044.0
186,@titoortiz,Tito,Ortiz,Sports_celeb,United States,Eng,07/09/2009,3280.0,26752.0,758688.0,6395.0,3588.0
187,@SpiderAnderson,Anderson,Silva,Sports_celeb,,NA,02/02/2011,2708.0,3837.0,8074406.0,389.0,57.0
188,@TyrodTaylor,Tyrod,Taylor,Sports_celeb,NA,Eng,03/24/2009,3388.0,4209.0,179757.0,320.0,837.0
189,@tonyromo,Tony,Romo,Sports_celeb,"Dallas, TX",Eng,04/25/2008,3720.0,43.0,433471.0,21.0,1241.0
190,@bengreenfield,Ben,Greenfield,Sports_celeb,"Spokane, WA",Eng,08/11/2008,3613.0,27712.0,58833.0,94.0,11574.0
191,@lancearmstrong,Lance,Armstrong,Sports_celeb,NA,Eng,10/13/2008,3549.0,13041.0,3738075.0,608.0,846.0
192,@tonyhawk,Tony,Hawk,Sports_celeb,San Diego & world at large,Eng,02/25/2009,3415.0,11904.0,4156134.0,10683.0,349.0
193,@RyanSheckler,Ryan,Schekler,Sports_celeb,"San Clemente, CA",Eng,04/08/2009,3372.0,3691.0,3275650.0,323.0,1397.0
194,@prod84,Paul,Rodriguez,Sports_celeb,NA,Eng,06/06/2009,3314.0,7104.0,479144.0,176.0,1303.0
195,@BAM_MARGERA,Bam,Margera,Sports_celeb,NA,Eng,09/06/2008,3587.0,54.0,6571.0,72.0,0.0
196,@TravisPastrana,Travis,Pastrana,Sports_celeb,NA,Eng,10/23/2009,3175.0,1779.0,930576.0,94.0,10.0
197,@derekhough,Derek,Hough,Sports_celeb,NA,Eng,04/11/2009,3370.0,7522.0,872233.0,46.0,187.0
198,@juliannehough,Julianne,Hough,Sports_celeb,Everywhere,Eng,10/03/2008,3560.0,9045.0,1292236.0,275.0,701.0
199,@JeffGordonWeb,Jeff,Gordon,Sports_celeb,,Eng,06/16/2009,3303.0,29665.0,1257069.0,2863.0,13081.0
200,@JimmyJohnson,Jimmy,Johnson,Sports_celeb,Florida Keys,Eng,08/05/2011,2523.0,7666.0,355571.0,28.0,36.0
201,@JohnCena,John,Cena,Sports_celeb,NA,Eng,05/08/2010,2978.0,5768.0,11586632.0,2504.0,6.0
202,@DanicaPatrick,Danica,Patrick,Sports_celeb,,Eng,02/18/2009,3421.0,5202.0,1937594.0,219.0,123.0
203,@nickdiaz209,Nick,Diaz,Sports_celeb,,Eng,05/27/2009,3324.0,1297.0,605650.0,205.0,196.0
204,@DaleJr,Dale,Earnhart,Sports_celeb,"Mooresville, NC",Eng,12/15/2008,3487.0,15668.0,2497178.0,745.0,17395.0
205,@CameronHanes,Cameron,Hanes,Sports_celeb,NA,Eng,08/23/2011,2505.0,4832.0,40429.0,23.0,19.0
206,@shaunwhite,Shawn,White,Sports_celeb,NA,Eng,10/16/2008,3547.0,2099.0,1841379.0,51.0,1019.0
207,@DjokerNole,Novak,Djokovic,Sports_celeb,,Eng,03/02/2011,2679.0,2574.0,8577506.0,728.0,762.0
208,@steveaustinBSR,Steve,Austin,Sports_celeb,NA,Eng,02/10/2010,3065.0,29161.0,4466555.0,734.0,102.0
209,@UKCoachCalipari,John,Calipari,Sports_celeb,"Lexington, KY",Eng,03/23/2009,3388.0,12984.0,1778252.0,304.0,15.0
210,@RSherman_25,Richard,Sherman,Sports_celeb,,Eng,03/30/2009,3382.0,16987.0,2169519.0,581.0,187.0
211,@CP3,Chris,Paul,Sports_celeb,NA,Eng,07/05/2009,3285.0,5842.0,7805138.0,875.0,214.0
212,@CaroWozniacki,Caroline,Wozniacki,Sports_celeb,Everywhere,Eng,12/02/2009,3134.0,4909.0,3193481.0,154.0,1137.0
213,@RondaRousey,Ronda,Rowsy,Sports_celeb,NA,Eng,06/03/2011,2586.0,13917.0,3667563.0,902.0,2352.0
214,@SkyDigg4,Skylar,Diggins,Sports_celeb,NA,Eng,05/19/2009,3332.0,34696.0,618548.0,858.0,2685.0
215,@Candace_Parker,Candice,Parker,Sports_celeb,NA,Eng,03/03/2009,3409.0,20605.0,285661.0,874.0,98.0
216,@criscyborg,Cris,Cyborg,Sports_celeb, cris.cyborg.llc@gmail.com,Eng,11/29/2009,3138.0,46479.0,191736.0,2134.0,12433.0
217,@Amanda_Leoa,Amanda,Nunez,Sports_celeb,"Coconut Creek, FL  BA, Brasil",Eng,01/16/2011,2725.0,11961.0,121524.0,379.0,8376.0
218,@MieshaTate,Miesha,Tate,Sports_celeb,Out looking for cupcakes...,Eng,08/18/2009,3241.0,29204.0,855058.0,945.0,12341.0
219,@JoelEmbiid,Joel,Embiid,Sports_celeb,Philadelphia ,Eng,11/20/2011,2417.0,2574.0,1495213.0,364.0,1221.0
220,@ApoloOhno,Apollo,Anton Ono,Sports_celeb,NA,Eng,07/14/2009,3276.0,14657.0,302555.0,1854.0,786.0
221,@usainbolt,Usain,St. Leo Bolt,Sports_celeb,"Kingston, Jamaica",Eng,06/06/2009,3314.0,5054.0,5138298.0,89.0,40.0
222,@blakegriffin23,Blake,Griffin,Sports_celeb,,Eng,04/22/2009,3358.0,2664.0,4532793.0,566.0,705.0
223,@kevinlove,Kevin,Love,Sports_celeb,,Eng,11/18/2010,2784.0,1528.0,3202855.0,435.0,270.0
224,@mistyonpointe,Misty,Copeland,Sports_celeb,NA,Eng,07/19/2010,2906.0,11139.0,120409.0,454.0,125.0
225,@MikeTyson,Mike,Tyson,Sports_celeb,,Eng,06/16/2010,2939.0,6447.0,5483980.0,364.0,484.0
226,@GeorgeForeman,George,Foreman,Sports_celeb,"Marshall, TX",Eng,01/30/2009,3441.0,10312.0,156942.0,82.0,6112.0
227,@StephMcMahon,Stephanie,Mcmahon,Sports_celeb,"Stamford, CT",Eng,02/19/2013,1960.0,5736.0,2834077.0,533.0,4117.0
228,@rolopez42,Robin,Lopez,Sports_celeb,"Fresno, CA",Eng,06/17/2009,3303.0,1609.0,144855.0,581.0,788.0
229,@DwyaneWade,Dwyane,Wade,Sports_celeb,I'm everywhere...,Eng,04/21/2009,3360.0,11220.0,8090240.0,656.0,255.0
230,@BizNasty2point0,Paul,Bissonette,Sports_celeb,NA,Eng,08/30/2010,2863.0,11306.0,1099233.0,2325.0,21485.0
231,@gracie_kron,Kron,Gracie,Sports_celeb,,Eng,07/30/2015,1069.0,7.0,2740.0,32.0,2.0
232,@GarbiMuguruza,Garbine,Muguruza,Sports_celeb,,NA,03/01/2010,3046.0,2398.0,463776.0,229.0,1378.0
233,@alexmorgan13,Alex,Morgan,Sports_celeb,,Eng,04/03/2009,3377.0,5106.0,3686110.0,480.0,2128.0
234,@SteveNash,Steve,Nash,Sports_celeb,"Los Angeles, CA",Eng,02/09/2009,3431.0,3965.0,2775540.0,906.0,248.0
235,@J_No24,Josh,Norman,Sports_celeb,"Washington, DC",Eng,07/28/2012,2166.0,4836.0,212643.0,104.0,138.0
236,@MSkinner2016,Mikayla,Skinner,Sports_celeb,,Eng,05/26/2015,1134.0,4878.0,18337.0,531.0,11803.0
237,@ShawnJohnson,Shawn,Johnson,Sports_celeb,ShawnJohnson.com,Eng,04/11/2009,3370.0,11403.0,491304.0,1987.0,3895.0
238,@kristiyamaguchi,Kristi,Yamaguchi,Sports_celeb,NA,Eng,09/29/2009,3198.0,6569.0,63627.0,525.0,981.0
239,@McIlroyRory,Rory,McIlroy,Sports_celeb,Holywood/PBG/On the road,Eng,09/07/2010,2855.0,3209.0,3235899.0,382.0,994.0
240,@LewisHamilton,Lewis,Hamilton,Sports_celeb,All around the World!!,Eng,11/10/2010,2792.0,142.0,5405649.0,837.0,898.0
241,@neymarjr,Neymar,Jr,Sports_celeb,NA,NA,06/22/2010,2932.0,41184.0,40589336.0,749.0,820.0
242,@RafaelNadal,Rafael,Nadal,Sports_celeb,Manacor,NA,07/29/2011,2531.0,2681.0,15725708.0,92.0,69.0
243,@GarethBale11,Gareth,Bale,Sports_celeb,,Eng,08/06/2012,2157.0,1374.0,17113937.0,114.0,47.0
244,@MoSalah,Mohamed,Salah,Sports_celeb,"Liverpool, England",Eng,03/09/2014,1577.0,1052.0,6566187.0,153.0,10.0
245,@keinishikori,Kei,Nishikori,Sports_celeb,Bradenton,Eng,11/05/2009,3161.0,3548.0,892937.0,34.0,58.0
246,@Canelo,Canelo,Alvarez,Sports_celeb,Mexico,NA,05/18/2010,2968.0,4781.0,1258711.0,98.0,92.0
247,@Aly_Raisman,Aly,Raisman,Sports_celeb,,Eng,09/13/2011,2485.0,9712.0,1126248.0,540.0,2373.0
248,@MikeTrout,Mike,Trout,Sports_celeb,"Millville, NJ",Eng,05/18/2010,2968.0,5419.0,2528866.0,2383.0,221.0
249,@realDonaldTrump,Donald,Trump,Politicians,"Washington, DC",Eng,03/18/2009,3394.0,38088.0,53183134.0,47.0,25.0
250,@HilaryClinton,Hilary,Clinton,Politicians,NA,Eng,03/28/2008,3749.0,1.0,53590.0,0.0,0.0
251,@BarackObama,Barack,Obama,Politicians,NA,Eng,03/05/2007,4137.0,15517.0,103467823.0,621131.0,11.0
252,@BillClinton,Bill,Clinton,Politicians,NA,Eng,04/06/2013,1914.0,717.0,10280916.0,34.0,323.0
253,@BernieSanders,Bernie,Sanders,Politicians,Vermont,Eng,11/17/2010,2785.0,10919.0,8989267.0,1525.0,960.0
254,@tedcruz,Ted,Cruz,Politicians,"Houston, Texas",Eng,03/06/2009,3406.0,21438.0,3226211.0,6533.0,1328.0
255,@JohnKasich,John,Kasich,Politicians,"Westerville, Ohio",Eng,12/10/2008,3492.0,11157.0,960902.0,10064.0,809.0
256,@marcorubio,Marco,Rubio,Politicians,United States,Eng,08/06/2008,3618.0,8520.0,3678391.0,2406.0,1753.0
257,@SecretaryCarson,Ben,Carson,Politicians,NA,Eng,02/06/2017,512.0,815.0,255880.0,52.0,32.0
258,@JebBush,Jeb,Bush,Politicians,"Miami, FL",Eng,02/10/2010,3065.0,5034.0,1464087.0,325.0,79.0
259,@gov_gilmore,Jim,Gilmore,Politicians,NA,Eng,02/06/2015,1243.0,2628.0,5595.0,2059.0,916.0
260,@GovChristie,Chris,Christie,Politicians,"Mendham, NJ",Eng,11/16/2009,3150.0,9362.0,954241.0,582.0,63.0
261,@CarlyFiorina,Carly,Fiorina,Politicians,Virginia,Eng,08/14/2009,3245.0,4253.0,762429.0,50.0,108.0
262,@RickSantorum,Rick,Santorum,Politicians,Pittsburgh & Virginia,Eng,07/20/2009,3270.0,6310.0,300099.0,1361.0,261.0
263,@RandPaul,Rand,Paul,Politicians,"Bowling Green, KY",Eng,11/17/2010,2784.0,12246.0,2367698.0,479.0,818.0
264,@GovMikeHuckabee,Mike,Huckabee,Politicians,NA,Eng,07/13/2008,3642.0,8956.0,1074742.0,550.0,283.0
265,@GovernorPataki,George,Pataki,Politicians,"Peekskill, New York",Eng,10/19/2014,1353.0,2242.0,55147.0,120.0,1221.0
266,@LindseyGrahamSC,Lindsey,Graham,Politicians,South Carolina,Eng,12/09/2011,2397.0,7960.0,292882.0,2193.0,70.0
267,@BobbyJindal,Bobby,Jindal,Politicians,"Baton Rouge, LA",Eng,10/31/2008,3532.0,3487.0,255877.0,20150.0,1.0
268,@lessig,Lawrence,Lessig,Politicians,"Brookline, MA",Eng,12/20/2007,3847.0,12628.0,372812.0,306.0,48.0
269,@LincolnChafee,Lincoln,Chafee,Politicians,Rhode Island,Eng,11/13/2009,3153.0,3613.0,20869.0,504.0,10.0
270,@JimWebbUSA,Jim,Webb,Politicians,United States,Eng,08/19/2014,1413.0,1957.0,26570.0,5850.0,3146.0
271,@ScottWalker,Scott,Walker,Politicians,"Wisconsin, USA",Eng,04/21/2009,3360.0,12489.0,285677.0,198.0,13.0
272,@SecretaryPerry,Rick,Perry,Politicians,"Washington, DC",Eng,02/10/2017,508.0,1631.0,68360.0,222.0,491.0
273,@JoeBiden,Joe,Biden,Politicians,NA,Eng,03/11/2007,4132.0,1440.0,2874780.0,23.0,0.0
274,@SenGillibrand,Kirsten,Gillibrand,Politicians,New York,Eng,09/07/2009,3221.0,16209.0,1257110.0,511.0,418.0
275,@SenWarren,Elizabeth,Warren,Politicians,NA,Eng,11/25/2012,2046.0,3259.0,4531213.0,258.0,9.0
276,@CoryBooker,Cory,Booker,Politicians,"Newark, NJ",Eng,08/11/2008,3613.0,61946.0,4121782.0,93080.0,91.0
277,@SenSherrodBrown,Sherrod,Brown,Politicians,NA,Eng,06/01/2009,3319.0,4830.0,354258.0,205.0,56.0
278,@KamalaHarris,Kamala,Harris,Politicians,California,Eng,04/11/2009,3370.0,8306.0,1625882.0,717.0,213.0
279,@AKWeissman,Andrew,Weissman,Politicians,"San Antonio, Texas",Eng,06/13/2011,2576.0,7409.0,4823.0,175.0,1647.0
280,@lpolgreen,Lydia,Polgreen,Politicians,"New York, NY ",Eng,11/04/2008,3528.0,1719.0,104133.0,1191.0,26241.0
281,@Schriock1,Stephanie,Schriock,Politicians,NA,Eng,07/05/2009,3285.0,5863.0,20420.0,1150.0,164.0
282,@ninaturner,Nina,Turner,Politicians,"Cleveland, OH",Eng,09/09/2010,2854.0,35750.0,147549.0,5327.0,70934.0
283,@MassAGO,Maura,Healey,Politicians,Massachusetts,Eng,02/27/2009,3413.0,8670.0,79554.0,2181.0,2793.0
284,@susanamendoza10,Susana,Mendoza,Politicians,"Chicago, IL",Eng,03/05/2009,3407.0,4233.0,8884.0,3759.0,1988.0
285,@BrianBallard723,Brian,Ballard,Politicians,NA,Eng,10/13/2013,1724.0,462.0,892.0,211.0,328.0
286,@nick_ayers,Nick,Ayers,Politicians,,Eng,06/29/2009,3291.0,2792.0,15039.0,1744.0,2358.0
287,@JohnMorganESQ,John,Morgan,Politicians,,Eng,12/05/2010,2766.0,8484.0,62957.0,420.0,2347.0
288,@SenJohnMcCain,John,McCain,Politicians,"Phoenix, AZ / Washington, DC",Eng,01/23/2009,3448.0,14345.0,3389019.0,377.0,99.0
289,@GeorgeHWBush,George,H.W. Bush,Politicians,NA,Eng,01/27/2012,2349.0,104.0,338834.0,20.0,1.0
290,@TheBushCenter,George,W. Bush,Politicians,NA,Eng,05/26/2010,2960.0,8373.0,124727.0,517.0,1538.0
291,@SpeakerRyan,Paul,Ryan,Politicians,NA,Eng,01/12/2009,3458.0,14521.0,3654558.0,264.0,467.0
292,@CarterCenter,Jimmy,Carter,Politicians,Worldwide (HQ in Atlanta),Eng,10/09/2009,3189.0,8476.0,55184.0,2016.0,3998.0
293,@farenthold,Blake,Farenthold,Politicians,"Corpus Christi, TX",Eng,12/05/2008,3497.0,6604.0,20958.0,1036.0,108.0
294,@MooreSenate,Roy,Moore,Politicians,NA,Eng,06/29/2014,1465.0,90.0,54.0,105.0,46.0
295,@MittRomney,Mitt,Romney,Politicians,"Holladay, UT",Eng,06/23/2009,3297.0,1709.0,2051995.0,310.0,6.0
296,@Schwarzenegger,Arnold,Schwarzenegger,Politicians,"Los Angeles, California",Eng,01/09/2008,3827.0,5922.0,4469086.0,279.0,356.0
297,@USAGSessions,Jeff,Sessions,Politicians,NA,Eng,11/18/2016,592.0,1098.0,18826.0,14.0,53.0
298,@RepJohnConyers,John,Conyers,Politicians,Detroit/Washington D.C.,Eng,04/30/2010,2986.0,3356.0,43244.0,842.0,726.0
299,@dickcheney,Dick,Cheney,Politicians,NA,Eng,04/05/2007,4106.0,11.0,3818.0,7.0,1.0
300,@GregForMontana,Greg,Gianforte,Politicians,NA,Eng,08/13/2015,1054.0,1186.0,7243.0,1231.0,23.0
301,@The_Tim_Murphy,Tim,Murphy,Politicians,NA,Eng,07/27/2014,1437.0,300.0,10696.0,12.0,4.0
302,@JohnKerry,John,Kerry,Politicians,NA,Eng,06/04/2008,3681.0,2401.0,3317238.0,573.0,29.0
303,@jaredpolis,Jared,Polis,Politicians,"Boulder, CO",Eng,07/09/2008,3646.0,6138.0,50232.0,4801.0,7904.0
304,@PaulManafort,Paul,Manafort,Politicians,NA,Eng,03/19/2016,836.0,159.0,82633.0,95.0,4.0
305,@PressSec,Sarah,Sanders,Politicians,NA,Eng,01/10/2017,538.0,2123.0,3087632.0,250.0,449.0
306,@SarahPalinUSA,Sarah,Palin,Politicians,NA,Eng,08/13/2009,3245.0,13828.0,1528132.0,138.0,22.0
307,@BarneyFrank,Barney,Frank,Politicians,NA,Eng,07/23/2013,1806.0,224.0,21973.0,100.0,37.0
308,@DavidCameron,David,Cameron,Politicians,NA,Eng,12/19/2007,3849.0,14557.0,1195.0,506.0,6254.0
309,@VP,Mike,Pence,Politicians,"Washington, D.C.",Eng,01/10/2017,538.0,4376.0,6382361.0,11.0,8.0
310,@algore,Al,Gore,Politicians,NA,Eng,11/06/2008,3525.0,2451.0,3290820.0,33.0,1.0
311,@NancyPelosi,Nancy,Pelosi,Politicians,NA,Eng,08/07/2008,3617.0,7649.0,1623710.0,326.0,10.0
312,@SenateMajLdr,Mitch,McConnell,Politicians,NA,Eng,03/07/2013,1943.0,3169.0,573744.0,93.0,0.0
313,@SenSchumer,Chuck,Schumer,Politicians,"New York, NY",Eng,11/19/2008,3512.0,13430.0,1461454.0,26165.0,209.0
314,@timkaine,Tim,Kaine,Politicians,"Richmond, VA",Eng,07/30/2010,2894.0,9481.0,1008847.0,774.0,643.0
315,@newtgingrich,Newt,Gingrich,Politicians,NA,Eng,02/12/2009,3427.0,11309.0,2207842.0,915.0,794.0
316,@GovRauner,Bruce,Rauner,Politicians,"Springfield, IL",Eng,11/05/2014,1336.0,3278.0,31417.0,123.0,95.0
317,@SenatorLeahy,Patrick,Leahy,Politicians,NA,Eng,01/25/2011,2716.0,13062.0,140234.0,2430.0,107.0
318,@MarkWarner,Mark,Warner,Politicians,NA,Eng,07/12/2007,4009.0,7504.0,403526.0,21279.0,1371.0
319,@johnrobertsFox,John,Roberts,Politicians,NA,Eng,02/16/2009,3424.0,4935.0,79127.0,448.0,42.0
320,@clairecmc,Claire,McCaskill,Politicians,Missouri/ Washington DC,Eng,09/06/2008,3586.0,4998.0,455437.0,34.0,11.0
321,@senorrinhatch,Orrin,Hatch,Politicians,,Eng,03/08/2011,2674.0,10646.0,75609.0,413.0,1208.0
322,@DeanBaker13,Dean,Baker,Economists,NA,Eng,07/06/2011,2554.0,29747.0,45893.0,99.0,40.0
323,@econjared,Jared,Bernstein,Economists,NA,Eng,05/11/2011,2609.0,6713.0,52685.0,1452.0,660.0
324,@NYTimesKrugman,Paul,Krugman,Economists,NA,Eng,02/08/2016,876.0,1.0,1563.0,0.0,0.0
325,@MarkThoma,Mark,Thoma,Economists,NA,Eng,10/18/2008,3545.0,60106.0,44683.0,417.0,5.0
326,@umairh,Umair,Haque,Economists,NA,Eng,04/07/2008,3739.0,764.0,231402.0,1449.0,463.0
327,@profsufi,Amir,Sufi,Economists,NA,Eng,10/10/2012,2092.0,3454.0,16786.0,317.0,14.0
328,@Nouriel,Nouriel,Roubini,Economists,NA,Eng,01/20/2009,3451.0,15428.0,449563.0,510.0,10.0
329,@justinwolfers,Justin,Wolfers,Economists,"Ann Arbor, MI",Eng,07/01/2011,2558.0,27509.0,146742.0,909.0,15687.0
330,@BetseyStevenson,Betsey,Stevenson,Economists,Ann Arbor,Eng,09/23/2011,2474.0,3865.0,31346.0,777.0,1017.0
331,@omzidar,Owen,Zidar,Economists,"Princeton, NJ",Eng,10/03/2008,3560.0,6029.0,5113.0,1077.0,3509.0
332,@Noahpinion,Noah,Smith,Economists,NA,Eng,04/14/2011,2637.0,140976.0,102389.0,810.0,211839.0
333,@Austan_Goolsbee,Austan,Goolsbee,Economists,Chicago,Eng,11/19/2010,2783.0,4771.0,76956.0,456.0,1607.0
334,@BruceBartlett,Bruce,Bartlett,Economists,NA,Eng,09/15/2011,2483.0,35431.0,61214.0,950.0,33.0
335,@mileskimball,Miles,kimball,Economists,NA,Eng,10/05/2009,3193.0,39004.0,16225.0,920.0,10640.0
336,@KingEconomist,Stephen,King,Economists,NA,Eng,07/30/2012,2164.0,4223.0,20689.0,281.0,170.0
337,@jodiecongirl,Jodi,Beggs,Economists,NA,Eng,04/14/2009,3367.0,38946.0,15137.0,2838.0,20233.0
338,@kaushikcbasu,kaushik,Basu,Economists,New York,Eng,12/02/2008,3500.0,5587.0,109939.0,643.0,2345.0
339,@haroldpollack,Harold,Pollack,Economists,NA,Eng,12/25/2009,3112.0,65253.0,20537.0,2427.0,7088.0
340,@econoflove,Shoshana,Grossbard,Economists,San Diego USA,Eng,07/06/2009,3283.0,17559.0,4155.0,2334.0,4091.0
341,@SBronars,Stephen,Bronars,Economists,NA,Eng,07/11/2011,2549.0,4965.0,2950.0,606.0,98.0
342,@joebrusuelas,Joseph,Brusuelas,Economists,New York City,Eng,01/28/2010,3078.0,22003.0,9077.0,3129.0,25179.0
343,@IanShepherdson,Ian,Shepherdson,Economists,NA,Eng,07/06/2011,2554.0,4291.0,11642.0,519.0,254.0
344,@bill_easterly,William,Easterly,Economists,New York City,Eng,04/27/2009,3354.0,13461.0,109920.0,1990.0,443.0
345,@AllisonSchrager,Allison,Schrager,Economists,NA,Eng,10/12/2009,3186.0,3313.0,5813.0,800.0,923.0
346,@RBReich,Robert,Reich,Economists,NA,Eng,05/26/2010,2959.0,8137.0,593715.0,220.0,592.0
347,@TimDuy,Tim,Duy,Economists,NA,Eng,09/06/2011,2492.0,18467.0,8764.0,329.0,7606.0
348,@kyrstensinema,Kyrsten,Sinema,Social_workers,Phoenix,Eng,02/13/2009,3427.0,14452.0,33396.0,300.0,269.0
349,@RepBarbaraLee,Barbara,Lee,Social_workers,"Washington, DC and Oakland, CA",Eng,02/07/2011,2703.0,7903.0,186317.0,16312.0,3387.0
350,@MikeLICSW,Mike,Langlois,Social_workers,NA,Eng,10/04/2010,2829.0,3996.0,5949.0,6197.0,323.0
351,@njsmyth,Nancy,Smyth,Social_workers,"Buffalo, NY, USA",Eng,11/18/2008,3514.0,24422.0,6618.0,4833.0,4160.0
352,@socworkpodcast,Jonathan,Singer,Social_workers,"Chicago, IL",Eng,09/09/2009,3219.0,45425.0,14252.0,793.0,22421.0
353,@johannagreeson,Johanna,Greeson,Social_workers,"Philadelphia, PA",Eng,04/04/2009,3377.0,7987.0,1858.0,2582.0,183.0
354,@JimmySW,Jimmy,Young,Social_workers,NA,Eng,10/23/2009,3175.0,10335.0,2545.0,1997.0,2278.0
355,@tiziana_dearing,Tiziana,dearing,Social_workers,NA,Eng,10/28/2008,3535.0,4350.0,1460.0,430.0,1535.0
356,@ProfessorChic,Jamie,Mitchell,Social_workers,NA,Eng,04/04/2011,2647.0,79769.0,1456.0,572.0,24906.0
357,@DrKumarVishwas,Kumar,Vishwas,Social_workers,"Ghaziabad,New Delhi",Eng,05/08/2010,2978.0,26829.0,4808297.0,91.0,88196.0
358,@drjoekort,Joe,Kort,Social_workers,"ÜT: 42.439627,-82.892816",Eng,12/09/2008,3493.0,5528.0,2500.0,1027.0,2638.0
359,@BDUTT,Barkha,Dutt,Social_workers,India ,Eng,02/02/2009,3437.0,118526.0,6818767.0,1574.0,27905.0
360,@RaggiKotak,Raggi,Kotak,Social_workers,NA,NA,03/03/2016,852.0,943.0,341.0,400.0,1118.0
361,@Martha7144,Martha,Campbell,Social_workers,"Belfast, Northern Ireland",Eng,08/04/2015,1063.0,445.0,337.0,1172.0,1092.0
