,0
the,33863
to,25401
rt,18558
a,16047
and,15840
of,14491
in,12912
for,12013
i,10760
is,10218
you,9641
on,9312
this,7376
my,7245
with,6730
at,5685
that,5033
we,4591
it,4438
are,4362
be,4226
our,3648
&amp;,3528
your,3494
from,3484
all,3308
so,3282
have,3272
was,3112
me,2755
about,2643
out,2593
new,2589
by,2531
as,2529
thank,2459
but,2443
will,2432
not,2401
just,2359
what,2334
an,2325
great,2261
-,2150
get,2099
who,2096
one,1983
up,1970
has,1916
love,1898
see,1876
can,1828
his,1799
more,1798
if,1793
how,1606
like,1588
when,1572
thanks,1534
do,1499
they,1494
now,1486
their,1460
time,1441
he,1433
happy,1428
i‚Äôm,1414
good,1385
us,1380
day,1369
it‚Äôs,1358
today,1347
no,1280
people,1275
been,1187
know,1180
or,1165
first,1160
had,1145
last,1128
some,1124
back,1122
make,1074
go,1066
her,1058
it's,973
than,959
got,956
these,941
there,929
watch,928
best,911
i'm,908
trump,869
would,865
here,852
much,838
show,835
need,834
work,833
want,823
big,802
tonight,790
going,788
check,787
live,783
don‚Äôt,783
always,777
should,773
every,764
why,761
think,760
take,758
very,757
only,754
over,753
after,753
proud,749
help,748
being,743
she,719
am,716
next,706
never,699
many,695
into,682
come,674
years,672
support,666
2,663
right,651
off,648
still,642
night,635
most,635
!,633
president,628
world,627
join,624
u,619
did,616
way,616
look,615
made,605
because,601
those,601
really,600
were,599
keep,596
don't,590
can‚Äôt,585
coming,575
amazing,574
excited,567
where,564
say,548
everyone,548
family,538
could,534
ready,533
them,531
women,530
congrats,525
hope,525
even,521
team,512
via,508
please,507
ever,502
week,501
down,500
looking,498
year,497
win,490
vote,487
game,485
t‚Ä¶,485
him,482
two,482
american,480
a‚Ä¶,478
better,476
getting,471
wait,470
must,467
sure,463
working,461
fun,459
special,458
talk,454
birthday,454
children,454
the‚Ä¶,452
little,450
its,449
too,448
full,447
another,446
@,446
may,439
part,438
x,429
‚ù§Ô∏è,428
it.,427
friend,424
doing,424
well,419
forward,419
can't,417
any,415
before,413
congratulations,412
having,409
other,409
video,409
man,408
which,407
making,406
tomorrow,404
against,401
life,401
fight,400
give,398
today.,396
also,395
read,393
miss,390
you‚Äôre,388
‚Äì,387
w/,385
put,383
let‚Äôs,383
stop,383
care,381
season,380
you.,380
3,380
de,380
let,379
home,374
few,373
meet,372
that‚Äôs,371
families,369
episode,368
while,367
through,366
hard,365
since,364
said,362
such,361
find,358
health,357
tune,354
own,352
listen,352
hear,351
things,351
real,350
favorite,349
kids,347
then,347
top,346
hey,343
does,342
call,342
"today,",339
play,339
feel,338
1,338
house,335
la,333
share,333
.,332
to‚Ä¶,331
tickets,330
morning,329
@realdonaldtrump,329
i‚Äôll,327
honor,326
country,326
friends,324
days,323
tax,320
we're,319
you!,319
guys,317
young,317
national,316
u.s.,315
2018,315
state,314
we‚Äôre,313
believe,312
i‚Äôve,311
incredible,310
bill,309
lot,308
beautiful,307
important,307
4,306
tell,305
says,298
long,298
end,297
start,297
something,296
talking,295
old,295
done,293
news,292
free,292
watching,288
remember,288
chance,288
available,286
th‚Ä¶,285
america,284
and‚Ä¶,280
same,280
court,280
both,279
yes,279
senate,278
white,277
americans,275
stand,275
black,273
away,272
thing,272
during,271
use,271
"you,",270
june,269
h‚Ä¶,269
someone,266
fans,265
job,264
you're,264
again,264
i‚Ä¶,262
around,262
nothing,260
together,258
taking,256
social,255
until,253
post,253
weekend,252
loved,252
that's,251
oh,250
makes,250
school,246
latest,245
story,245
üòÇ,244
me.,243
|,243
10,242
‚Äî,240
bring,239
needs,238
meeting,237
shows,237
it!,236
policy,236
"""the",235
this.,235
here:,235
today!,233
ago,232
i've,232
change,231
public,230
...,229
without,229
let's,229
nice,228
already,227
music,225
awesome,225
learn,224
anyone,223
gonna,223
s‚Ä¶,223
left,223
times,222
#tbt,222
north,221
across,221
playing,218
trying,217
welcome,217
high,217
open,217
here's,215
justice,215
true,214
now!,214
5,214
e,213
dream,213
glad,212
now.,212
super,211
grateful,211
million,210
looks,210
set,210
bad,209
honored,209
tour,209
i'll,209
might,208
everything,208
thought,207
stay,207
wish,206
appreciate,205
came,205
party,204
men,204
congress,204
:),203
!!,203
wonderful,201
lives,201
w,200
celebrate,199
interview,199
follow,199
book,199
human,198
former,198
tonight!,198
+,198
w‚Ä¶,197
three,197
between,197
power,197
@youtube,196
strong,196
under,196
didn‚Äôt,194
money,194
pretty,194
seen,193
woman,193
heart,193
photo,193
told,192
united,191
he‚Äôs,191
album,191
took,190
went,189
o‚Ä¶,189
supreme,189
trade,189
et,189
of‚Ä¶,188
once,187
day.,187
--,186
economic,186
comes,186
yesterday,185
baby,185
called,184
each,184
rights,183
tweet,182
lol,182
y‚Äôall,181
whole,180
actually,180
business,180
try,179
en,179
behind,178
",",178
energy,178
he's,177
lost,177
kind,177
send,177
place,177
city,177
helping,176
wants,176
enough,176
catch,176
seeing,175
face,175
states,175
government,174
summer,174
event,174
huge,174
takes,173
f‚Ä¶,173
giving,173
head,172
students,172
future,172
ask,172
tonight.,172
parents,172
finally,172
song,172
run,171
6,171
running,170
moment,170
july,170
speaking,170
signed,170
sunday,169
john,169
sign,169
pay,169
means,169
immigration,169
here‚Äôs,168
cool,168
second,168
visit,168
twitter,167
sorry,167
continue,167
god,166
history,166
truly,165
leadership,164
brother,164
joining,164
act,164
#reverie,164
march,163
words,163
protect,163
los,163
become,163
sale,162
fighting,162
administration,162
thoughts,162
https://t.co/‚Ä¶,162
day!,162
guy,161
soon,161
democrats,161
office,161
jobs,161
gets,161
able,161
save,160
media,159
almost,159
person,159
opportunity,158
heard,158
saw,158
luck,158
community,157
republicans,157
workers,157
point,157
hit,157
@potus,157
child,156
final,156
trump's,156
piece,156
podcast,155
service,155
#nbavote,155
celebrating,155
campaign,154
senator,154
center,154
p‚Ä¶,153
members,152
found,152
case,152
time.,152
early,151
entire,151
wanted,151
announce,151
enjoyed,150
past,150
friday,150
c‚Ä¶,150
performance,150
b‚Ä¶,150
saying,149
in‚Ä¶,149
law,149
red,149
discuss,149
political,149
met,148
#americanidol,148
border,147
forget,147
girl,147
las,146
paul,146
opening,146
https‚Ä¶,146
enjoy,146
doesn‚Äôt,146
less,145
greatest,145
single,145
starting,145
up.,145
using,144
leaders,144
goes,144
@fullfrontalsamb:,143
shot,143
spread,143
decision,143
official,143
movie,143
started,142
https:/‚Ä¶,142
federal,141
feeling,141
https:‚Ä¶,141
!!!,141
saturday,140
gotta,140
conversation,140
maybe,140
step,140
"me,",139
gave,139
speak,139
mean,139
m‚Ä¶,139
cut,139
supporting,139
sending,138
plan,138
name,137
nba,137
starts,137
tv,137
training,137
missed,137
el,136
won,136
didn't,136
prayers,136
on‚Ä¶,136
truth,136
biggest,136
thinking,135
asked,135
war,135
girls,135
fan,135
1st,135
?,134
today's,134
annual,134
que,133
there‚Äôs,133
https://t.‚Ä¶,133
local,133
for‚Ä¶,133
winning,133
cover,133
2017,132
including,132
action,132
voting,132
"""i",131
far,131
there's,131
anything,131
exclusive,130
https://‚Ä¶,130
late,130
agree,130
understand,130
number,130
bringing,129
star,129
calling,129
7,129
months,129
out.,128
"yes,",128
report,128
"it,",128
htt‚Ä¶,128
https://t‚Ä¶,128
gop,127
y,127
foster,126
night.,126
vs,126
monday,126
deal,125
air,125
different,125
yet,125
sports,124
leader,124
pick,124
used,124
today‚Äôs,124
order,124
isn‚Äôt,124
lead,124
global,124
ya,123
ice,123
coach,123
climate,122
inspired,122
series,122
hours,122
least,121
bob,121
guess,121
an‚Ä¶,121
‚Äúthe,121
passed,121
larry,120
https://t.c‚Ä¶,120
month,120
we‚Äôve,120
retweet,120
üî•,120
dear,120
http‚Ä¶,120
gun,119
impact,119
wanna,119
respect,119
"now,",119
york,119
joined,118
o,118
year.,118
stage,118
film,118
omg,118
republican,118
experience,117
#americanracetnt,117
safe,117
group,117
comedy,117
san,117
powerful,116
election,116
link,116
ok,116
security,115
8,115
practice,115
"day,",115
pass,115
april,115
create,115
record,114
message,114
questions,114
isn't,114
at‚Ä¶,114
/,113
player,113
line,113
https://t.co‚Ä¶,113
doesn't,113
raise,113
üôå,113
christmas,113
wrong,112
race,112
others,112
cannot,112
üëÄ,112
else,112
standing,112
taken,112
helped,112
weeks,112
voice,111
system,111
im,111
family.,111
deserve,110
violence,110
growth,110
we've,110
ht‚Ä¶,110
boy,109
#timeless,109
what‚Äôs,109
especially,109
class,109
hold,109
week.,109
asking,108
20,108
dr.,108
conference,108
haha,108
camp,108
premiere,108
trump‚Äôs,108
wrote,108
perfect,108
us.,108
you‚Ä¶,107
crazy,107
rest,106
role,106
chicago,106
exactly,106
college,106
damn,106
sen.,106
living,106
youth,106
governor,105
‚Äúi,105
hour,105
uk,105
list,105
issue,105
she‚Äôs,105
matter,104
boys,104
üòç,104
tough,104
keeping,104
anniversary,104
vegas,104
sometimes,104
nyc,104
victims,104
access,103
international,103
bit,103
thousands,103
basketball,103
crisis,103
spent,103
wow,103
spend,103
small,103
separated,103
worked,103
release,103
turn,103
waiting,103
legend,103
obama,103
article,103
economy,103
that.,103
absolutely,103
showing,102
course,102
with‚Ä¶,102
them.,102
yourself,102
here.,102
nearly,102
light,102
four,102
spoke,102
‚ù§Ô∏è‚ù§Ô∏è‚ù§Ô∏è,102
lots,101
sexual,101
data,101
putting,101
spending,101
killed,101
statement,101
leading,101
round,101
dad,101
club,101
hall,101
road,101
guest,101
ur,100
often,100
along,100
again.,100
son,100
ohio,100
room,100
tomorrow.,100
ways,100
video.,100
donald,100
one.,99
military,99
puerto,99
happening,99
fall,99
sad,99
reason,99
country.,99
@station19,99
hot,99
west,99
listening,98
voted,98
career,98
idea,98
force,98
easy,98
talks,98
shooting,98
probably,98
problem,98
who‚Äôs,97
peace,97
ha,97
tried,97
research,97
launch,97
word,97
people.,97
un,97
pm,97
they‚Äôre,97
cast,97
sweet,97
instead,97
@‚Ä¶,97
bipartisan,96
literally,96
police,96
reading,96
d‚Ä¶,96
foreign,96
knows,96
lucky,96
funny,96
needed,96
30,96
mind,96
hearing,96
major,96
rock,95
life.,95
five,95
south,95
what's,95
whether,95
donate,95
happen,95
world.,95
e‚Ä¶,94
lovely,94
close,94
democratic,94
hell,94
picture,94
clear,94
letter,94
#ad,94
bro,94
champion,94
side,94
dream.,94
reform,93
jim,93
current,93
=,93
l‚Ä¶,93
brought,93
knew,93
hate,93
leave,92
millions,92
definitely,92
game.,92
education,92
mental,92
secretary,92
press,92
me!,92
show.,92
award,92
@mskinner2016,91
staff,91
